subtipo_falla,temperatura_ambiente_c,temperatura_entrada_c,temperatura_salida_c,delta_temp_c,presion_entrada_bar,presion_salida_bar,delta_presion_bar,flujo_masico_kgs,vibracion_rms_mms,velocidad_rpm,potencia_kw,consumo_energia_kwh,horas_operacion,humedad_relativa_pct
0,16.17598848368522,21.643531669865645,113.51706333973128,91.87476007677543,48.340057581573895,197.13431861804222,148.79347408829173,101.19272552783109,2.6655719769673705,3001.6007677543184,98.13662188099808,1.4393474088291747,5880.859884836852,57.07600767754318
1,11.96421550094518,16.328695652173913,126.66241965973535,110.33502835538754,47.67695652173913,212.83243856332703,165.1547448015123,120.18228733459357,3.024351606805293,3052.219281663516,122.63750472589791,2.2648015122873346,6210.6427221172025,60.07788279773157
2,17.145933333333332,23.395266666666668,125.2542,101.85813333333334,53.23166666666667,216.86426666666665,163.63246666666666,99.1596,3.1852488888888892,3008.3644444444444,107.04273333333335,1.5370244444444443,7824.057777777778,66.46355555555556
